Configuration	Term	J	g	Prefix	Level (cm-1)	Suffix	Uncertainty (cm-1)	Leading percentages	Reference
"2p6.3s"	"2S"	"1/2"	2	""	"0.00000"	""	""	"                                                                                              "	"L13237"
"2p6.3p"	"2P*"	"1/2"	2	""	"16956.17025"	""	"0.00004"	"                                                                                              "	""
"2p6.3p"	"2P*"	"3/2"	4	""	"16973.36619"	""	"0.00005"	"                                                                                              "	""
"2p6.4s"	"2S"	"1/2"	2	""	"25739.999"	""	"0.003"	"                                                                                              "	""
"2p6.3d"	"2D"	"5/2"	6	""	"29172.837"	""	"0.002"	"                                                                                              "	""
"2p6.3d"	"2D"	"3/2"	4	""	"29172.887"	""	"0.002"	"                                                                                              "	""
"2p6.4p"	"2P*"	"1/2"	2	""	"30266.99"	""	"0.02"	"                                                                                              "	""
"2p6.4p"	"2P*"	"3/2"	4	""	"30272.58"	""	"0.02"	"                                                                                              "	""
"2p6.5s"	"2S"	"1/2"	2	""	"33200.673"	""	"0.002"	"                                                                                              "	""
"2p6.4d"	"2D"	"5/2"	6	""	"34548.729"	""	"0.002"	"                                                                                              "	""
"2p6.4d"	"2D"	"3/2"	4	""	"34548.764"	""	"0.002"	"                                                                                              "	""
"2p6.4f"	"2F*"	"5/2"	6	""	"34586.92"	""	"0.02"	"                                                                                              "	""
"2p6.4f"	"2F*"	"7/2"	8	""	"34586.92"	""	"0.02"	"                                                                                              "	""
"2p6.5p"	"2P*"	"1/2"	2	""	"35040.38"	""	"0.02"	"                                                                                              "	""
"2p6.5p"	"2P*"	"3/2"	4	""	"35042.85"	""	"0.02"	"                                                                                              "	""
"2p6.6s"	"2S"	"1/2"	2	""	"36372.618"	""	"0.002"	"                                                                                              "	""
"2p6.5d"	"2D"	"5/2"	6	""	"37036.752"	""	"0.002"	"                                                                                              "	""
"2p6.5d"	"2D"	"3/2"	4	""	"37036.772"	""	"0.002"	"                                                                                              "	""
"2p6.5f"	"2F*"	"5/2"	6	""	"37057.65"	""	"0.02"	"                                                                                              "	""
"2p6.5f"	"2F*"	"7/2"	8	""	"37057.65"	""	"0.02"	"                                                                                              "	""
"2p6.5g"	"2G"	"7/2,9/2"	18	""	"37059.54"	""	"0.07"	"                                                                                              "	""
"2p6.6p"	"2P*"	"1/2"	2	""	"37296.32"	""	"0.02"	"                                                                                              "	""
"2p6.6p"	"2P*"	"3/2"	4	""	"37297.61"	""	"0.02"	"                                                                                              "	""
"2p6.7s"	"2S"	"1/2"	2	""	"38012.042"	""	"0.002"	"                                                                                              "	""
"2p6.6d"	"2D"	"5/2"	6	""	"38387.255"	""	"0.002"	"                                                                                              "	""
"2p6.6d"	"2D"	"3/2"	4	""	"38387.268"	""	"0.002"	"                                                                                              "	""
"2p6.6f"	"2F*"	"5/2"	6	""	"38399.79"	""	"0.02"	"                                                                                              "	""
"2p6.6f"	"2F*"	"7/2"	8	""	"38399.79"	""	"0.02"	"                                                                                              "	""
"2p6.6g"	"2G"	"7/2"	8	"["	"38400.900"	"]"	"0.002"	"                                                                                              "	""
"2p6.6g"	"2G"	"9/2"	10	"["	"38400.904"	"]"	"0.002"	"                                                                                              "	""
"2p6.6h"	"2H*"	"11/2"	12	"["	"38401.147"	"]"	"0.002"	"                                                                                              "	""
"2p6.6h"	"2H*"	"9/2"	10	"["	"38401.153"	"]"	"0.002"	"                                                                                              "	""
"2p6.7p"	"2P*"	"1/2"	2	""	"38540.18"	""	"0.02"	"                                                                                              "	""
"2p6.7p"	"2P*"	"3/2"	4	""	"38540.93"	""	"0.02"	"                                                                                              "	""
"2p6.8s"	"2S"	"1/2"	2	""	"38968.51"	""	"0.02"	"                                                                                              "	""
"2p6.7d"	"2D"	"3/2"	4	""	"39200.93"	""	"0.02"	"                                                                                              "	""
"2p6.7d"	"2D"	"5/2"	6	""	"39200.93"	""	"0.02"	"                                                                                              "	""
"2p6.7f"	"2F*"	"5/2"	6	""	"39208.98"	""	"0.02"	"                                                                                              "	""
"2p6.7f"	"2F*"	"7/2"	8	""	"39208.98"	""	"0.02"	"                                                                                              "	""
"2p6.7g"	"2G"	"7/2,9/2"	18	"["	"39209.725"	"]"	"0.002"	"                                                                                              "	""
"2p6.7h"	"2H*"	"9/2,11/2"	22	"["	"39209.887"	"]"	"0.002"	"                                                                                              "	""
"2p6.8p"	"2P*"	"1/2"	2	""	"39298.35"	""	"0.02"	"                                                                                              "	""
"2p6.8p"	"2P*"	"3/2"	4	""	"39298.84"	""	"0.02"	"                                                                                              "	""
"2p6.9s"	"2S"	"1/2"	2	""	"39574.85"	""	"0.02"	"                                                                                              "	""
"2p6.8d"	"2D"	"5/2"	6	""	"39728.70"	""	"0.02"	"                                                                                              "	""
"2p6.8d"	"2D"	"3/2"	4	""	"39728.70"	""	"0.02"	"                                                                                              "	""
"2p6.8f"	"2F*"	"5/2"	6	""	"39734.16"	""	"0.02"	"                                                                                              "	""
"2p6.8f"	"2F*"	"7/2"	8	""	"39734.16"	""	"0.02"	"                                                                                              "	""
"2p6.8g"	"2G"	"7/2,9/2"	18	"["	"39734.678"	"]"	"0.002"	"                                                                                              "	""
"2p6.8h"	"2H*"	"9/2,11/2"	22	"["	"39734.790"	"]"	"0.002"	"                                                                                              "	""
"2p6.9p"	"2P*"	"1/2"	2	"["	"39794.479"	"]"	"0.002"	"                                                                                              "	""
"2p6.9p"	"2P*"	"3/2"	4	"["	"39794.810"	"]"	"0.002"	"                                                                                              "	""
"2p6.10s"	"2S"	"1/2"	2	""	"39983.27"	""	"0.02"	"                                                                                              "	""
"2p6.9d"	"2D"	"3/2"	4	""	"40090.31"	""	"0.02"	"                                                                                              "	""
"2p6.9d"	"2D"	"5/2"	6	""	"40090.31"	""	"0.02"	"                                                                                              "	""
"2p6.9f"	"2F*"	"7/2"	8	""	"40094.19"	""	"0.02"	"                                                                                              "	""
"2p6.9f"	"2F*"	"5/2"	6	""	"40094.19"	""	"0.02"	"                                                                                              "	""
"2p6.9g"	"2G"	"7/2,9/2"	18	"["	"40094.581"	"]"	"0.002"	"                                                                                              "	""
"2p6.9h"	"2H*"	"9/2,11/2"	22	"["	"40094.660"	"]"	"0.002"	"                                                                                              "	""
"2p6.10p"	"2P*"	"1/2"	2	""	"40136.810"	""	"0.002"	"                                                                                              "	""
"2p6.10p"	"2P*"	"3/2"	4	""	"40137.043"	""	"0.002"	"                                                                                              "	""
"2p6.11s"	"2S"	"1/2"	2	""	"40271.396"	""	"0.002"	"                                                                                              "	""
"2p6.10d"	"2D"	"5/2"	6	""	"40348.915"	""	"0.002"	"                                                                                              "	""
"2p6.10d"	"2D"	"3/2"	4	""	"40348.918"	""	"0.002"	"                                                                                              "	""
"2p6.10f"	"2F*"	"5/2"	6	"["	"40351.761"	"]"	"0.002"	"                                                                                              "	""
"2p6.10f"	"2F*"	"7/2"	8	"["	"40351.761"	"]"	"0.002"	"                                                                                              "	""
"2p6.10g"	"2G"	"7/2,9/2"	18	"["	"40352.015"	"]"	"0.002"	"                                                                                              "	""
"2p6.10h"	"2H*"	"9/2,11/2"	22	"["	"40352.073"	"]"	"0.002"	"                                                                                              "	""
"2p6.11p"	"2P*"	"1/2"	2	""	"40382.925"	""	"0.002"	"                                                                                              "	""
"2p6.11p"	"2P*"	"3/2"	4	""	"40383.097"	""	"0.002"	"                                                                                              "	""
"2p6.12s"	"2S"	"1/2"	2	""	"40482.236"	""	"0.002"	"                                                                                              "	""
"2p6.11d"	"2D"	"5/2"	6	"["	"40540.093"	"]"	"0.002"	"                                                                                              "	""
"2p6.11d"	"2D"	"3/2"	4	"["	"40540.095"	"]"	"0.002"	"                                                                                              "	""
"2p6.11f"	"2F*"	"5/2"	6	"["	"40542.293"	"]"	"0.002"	"                                                                                              "	""
"2p6.11f"	"2F*"	"7/2"	8	"["	"40542.293"	"]"	"0.002"	"                                                                                              "	""
"2p6.11g"	"2G"	"7/2,9/2"	18	"["	"40542.484"	"]"	"0.002"	"                                                                                              "	""
"2p6.12p"	"2P*"	"1/2"	2	"["	"40565.783"	"]"	"0.002"	"                                                                                              "	""
"2p6.12p"	"2P*"	"3/2"	4	"["	"40565.913"	"]"	"0.002"	"                                                                                              "	""
"2p6.13s"	"2S"	"1/2"	2	"["	"40641.148"	"]"	"0.002"	"                                                                                              "	""
"2p6.12d"	"2D"	"3/2"	4	"["	"40685.509"	"]"	"0.002"	"                                                                                              "	""
"2p6.12d"	"2D"	"5/2"	6	"["	"40685.509"	"]"	"0.002"	"                                                                                              "	""
"2p6.12f"	"2F*"	"5/2,7/2"	14	"["	"40687.203"	"]"	"0.002"	"                                                                                              "	""
"2p6.12g"	"2G"	"7/2,9/2"	18	"["	"40687.352"	"]"	"0.002"	"                                                                                              "	""
"2p6.13p"	"2P*"	"1/2"	2	"["	"40705.344"	"]"	"0.002"	"                                                                                              "	""
"2p6.13p"	"2P*"	"3/2"	4	"["	"40705.444"	"]"	"0.002"	"                                                                                              "	""
"2p6.14s"	"2S"	"1/2"	2	"["	"40763.884"	"]"	"0.002"	"                                                                                              "	""
"2p6.13d"	"2D"	"5/2"	6	"["	"40798.642"	"]"	"0.002"	"                                                                                              "	""
"2p6.13d"	"2D"	"3/2"	4	"["	"40798.644"	"]"	"0.002"	"                                                                                              "	""
"2p6.13f"	"2F*"	"5/2,7/2"	14	"["	"40799.974"	"]"	"0.002"	"                                                                                              "	""
"2p6.13g"	"2G"	"7/2,9/2"	18	"["	"40800.091"	"]"	"0.002"	"                                                                                              "	""
"2p6.14p"	"2P*"	"1/2"	2	"["	"40814.273"	"]"	"0.002"	"                                                                                              "	""
"2p6.14p"	"2P*"	"3/2"	4	"["	"40814.352"	"]"	"0.002"	"                                                                                              "	""
"2p6.15s"	"2S"	"1/2"	2	"["	"40860.648"	"]"	"0.002"	"                                                                                              "	""
"2p6.14d"	"2D"	"5/2"	6	"["	"40888.386"	"]"	"0.002"	"                                                                                              "	""
"2p6.14d"	"2D"	"3/2"	4	"["	"40888.387"	"]"	"0.002"	"                                                                                              "	""
"2p6.14f"	"2F*"	"5/2,7/2"	14	"["	"40889.452"	"]"	"0.002"	"                                                                                              "	""
"2p6.14g"	"2G"	"7/2,9/2"	18	"["	"40889.546"	"]"	"0.002"	"                                                                                              "	""
"2p6.15p"	"2P*"	"1/2"	2	"["	"40900.922"	"]"	"0.002"	"                                                                                              "	""
"2p6.15p"	"2P*"	"3/2"	4	"["	"40900.985"	"]"	"0.002"	"                                                                                              "	""
"2p6.16s"	"2S"	"1/2"	2	"["	"40938.281"	"]"	"0.002"	"                                                                                              "	""
"2p6.15d"	"2D"	"3/2"	4	"["	"40960.771"	"]"	"0.002"	"                                                                                              "	""
"2p6.15d"	"2D"	"5/2"	6	"["	"40960.771"	"]"	"0.002"	"                                                                                              "	""
"2p6.15f"	"2F*"	"5/2,7/2"	14	"["	"40961.637"	"]"	"0.002"	"                                                                                              "	""
"2p6.15g"	"2G"	"7/2,9/2"	18	"["	"40961.714"	"]"	"0.002"	"                                                                                              "	""
"2p6.16p"	"2P*"	"1/2"	2	"["	"40970.976"	"]"	"0.002"	"                                                                                              "	""
"2p6.16p"	"2P*"	"3/2"	4	"["	"40971.028"	"]"	"0.002"	"                                                                                              "	""
"2p6.17s"	"2S"	"1/2"	2	"["	"41001.515"	"]"	"0.002"	"                                                                                              "	""
"2p6.16d"	"2D"	"5/2"	6	"["	"41020.000"	"]"	"0.002"	"                                                                                              "	""
"2p6.16d"	"2D"	"3/2"	4	"["	"41020.001"	"]"	"0.002"	"                                                                                              "	""
"2p6.16f"	"2F*"	"5/2,7/2"	14	"["	"41020.714"	"]"	"0.002"	"                                                                                              "	""
"2p6.16g"	"2G"	"7/2,9/2"	18	"["	"41020.777"	"]"	"0.002"	"                                                                                              "	""
"2p6.17p"	"2P*"	"1/2"	2	"["	"41028.419"	"]"	"0.002"	"                                                                                              "	""
"2p6.17p"	"2P*"	"3/2"	4	"["	"41028.462"	"]"	"0.002"	"                                                                                              "	""
"2p6.18s"	"2S"	"1/2"	2	"["	"41053.701"	"]"	"0.002"	"                                                                                              "	""
"2p6.17d"	"2D"	"5/2"	6	"["	"41069.079"	"]"	"0.002"	"                                                                                              "	""
"2p6.17d"	"2D"	"3/2"	4	"["	"41069.080"	"]"	"0.002"	"                                                                                              "	""
"2p6.17f"	"2F*"	"5/2,7/2"	14	"["	"41069.674"	"]"	"0.002"	"                                                                                              "	""
"2p6.17g"	"2G"	"7/2,9/2"	18	"["	"41069.727"	"]"	"0.002"	"                                                                                              "	""
"2p6.18p"	"2P*"	"1/2"	2	"["	"41076.106"	"]"	"0.002"	"                                                                                              "	""
"2p6.18p"	"2P*"	"3/2"	4	"["	"41076.141"	"]"	"0.002"	"                                                                                              "	""
"2p6.19s"	"2S"	"1/2"	2	"["	"41097.271"	"]"	"0.002"	"                                                                                              "	""
"2p6.18d"	"2D"	"5/2"	6	"["	"41110.202"	"]"	"0.002"	"                                                                                              "	""
"2p6.18d"	"2D"	"3/2"	4	"["	"41110.202"	"]"	"0.002"	"                                                                                              "	""
"2p6.18f"	"2F*"	"5/2,7/2"	14	"["	"41110.703"	"]"	"0.002"	"                                                                                              "	""
"2p6.18g"	"2G"	"7/2"	8	"["	"41110.747"	"]"	"0.002"	"                                                                                              "	""
"2p6.18g"	"2G"	"9/2"	10	"["	"41110.748"	"]"	"0.002"	"                                                                                              "	""
"2p6.19p"	"2P*"	"1/2"	2	"["	"41116.126"	"]"	"0.002"	"                                                                                              "	""
"2p6.19p"	"2P*"	"3/2"	4	"["	"41116.156"	"]"	"0.002"	"                                                                                              "	""
"2p6.20s"	"2S"	"1/2"	2	"["	"41134.023"	"]"	"0.002"	"                                                                                              "	""
"2p6.19d"	"2D"	"5/2"	6	"["	"41144.999"	"]"	"0.002"	"                                                                                              "	""
"2p6.19d"	"2D"	"3/2"	4	"["	"41145.000"	"]"	"0.002"	"                                                                                              "	""
"2p6.19f"	"2F*"	"5/2,7/2"	14	"["	"41145.425"	"]"	"0.002"	"                                                                                              "	""
"2p6.19g"	"2G"	"7/2,9/2"	18	"["	"41145.463"	"]"	"0.002"	"                                                                                              "	""
"2p6.20p"	"2P*"	"1/2"	2	"["	"41150.040"	"]"	"0.002"	"                                                                                              "	""
"2p6.20p"	"2P*"	"3/2"	4	"["	"41150.066"	"]"	"0.002"	"                                                                                              "	""
"2p6.20d"	"2D"	"5/2"	6	"["	"41174.705"	"]"	"0.002"	"                                                                                              "	""
"2p6.20d"	"2D"	"3/2"	4	"["	"41174.705"	"]"	"0.002"	"                                                                                              "	""
"2p6.20f"	"2F*"	"5/2,7/2"	14	"["	"41175.070"	"]"	"0.002"	"                                                                                              "	""
"2p6.20g"	"2G"	"7/2,9/2"	18	"["	"41175.102"	"]"	"0.002"	"                                                                                              "	""
"Na II (2p6 1S<0>)"	"Limit"	"---"		""	"41449.451"	""	"0.002"	"                                                                                              "	"L10921,L9648"
"2p5.3s2"	"2P*"	"3/2"	4	""	"248170"	""	"5"	"  93                                               :     6  2p5.(2P*).3p2.(1S)    2P*         "	""
"2p5.3s2"	"2P*"	"1/2"	2	""	"249489"	""	"12"	"  93                                               :     6  2p5.(2P*).3p2.(1S)    2P*         "	""
"2p5.(2P*).3s.3p.(3P*)"	"4S"	"3/2"	4	""	"263745.3"	""	"3.9"	"  97                                                                                          "	""
"2p5.(2P*).3s.3p.(3P*)"	"4D"	"7/2"	8	""	"266586.7"	""	"3.9"	"  98                                                                                          "	""
"2p5.(2P*).3s.3p.(3P*)"	"4D"	"5/2"	6	""	"266933.9"	""	"3.8"	"  93                                                                                          "	""
"2p5.(2P*).3s.3p.(3P*)"	"4D"	"3/2"	4	""	"267282.3"	""	"3.8"	"  90                                               :     5                        2D          "	""
"2p5.(2P*).3s.3p.(3P*)"	"4D"	"1/2"	2	""	"267576.0"	""	"3.8"	"  94                                                                                          "	""
"2p5.(2P*).3s.3p.(3P*)"	"4P"	"5/2"	6	""	"268513.9"	""	"3.8"	"  82                                               :    17                        2D          "	""
"2p5.(2P*).3s.3p.(3P*)"	"4P"	"3/2"	4	""	"268897.4"	""	"3.8"	"  49                                               :    45                        2D          "	""
"2p5.(2P*).3s.3p.(3P*)"	"4P"	"1/2"	2	""	"269086.5"	""	"3.9"	"  94                                                                                          "	""
"2p5.(2P*).3s.3p.(3P*)"	"2D"	"3/2"	4	""	"269726"	""	"13"	"  48                                               :    43                        4P          "	""
"2p5.(2P*).3s.3p.(3P*)"	"2D"	"5/2"	6	""	"270196"	""	"13"	"  78                                               :    15                        4P          "	""
"2p5.(2P*).3s.3p.(3P*)"	"2P"	"1/2"	2	""	"270582"	""	"13"	"  94                                                                                          "	""
"2p5.(2P*).3s.3p.(3P*)"	"2P"	"3/2"	4	""	"270877"	""	"13"	"  92                                                                                          "	""
"2p5.(2P*).3s.3p.(3P*)"	"2S"	"1/2"	2	""	"273236"	""	"13"	"  82                                               :    12  2p5.(2P*).3s.3p.(1P*) 2S          "	""
"2p5.(2P*).3s.3p.(1P*)"	"2D"	"5/2"	6	""	"280596"	""	"14"	"  86                                               :     5  2p5.3s.(3P*).4p       2D          "	""
"2p5.(2P*).3s.3p.(1P*)"	"2D"	"3/2"	4	""	"282076"	""	"14"	"  39                                               :    45                        2P          "	""
"2p5.(2P*).3s.3p.(1P*)"	"2S"	"1/2"	2	""	"280778"	""	"14"	"  62                                               :    10  2p5.3s.(3P*).4p       2S          "	""
"2p5.(2P*).3s.3p.(1P*)"	"2P"	"3/2"	4	""	"281019"	""	"14"	"  38                                               :    47                        2D          "	""
"2p5.(2P*).3s.3p.(1P*)"	"2P"	"1/2"	2	""	"282332"	""	"14"	"  73                                               :     9                        2S          "	""
"2p5.3s.(3P*).4s"	"4P*"	"5/2"	6	""	"286300.4"	""	"3.8"	"  99                                                                                          "	""
"2p5.3s.(3P*).4s"	"4P*"	"3/2"	4	""	"286849.5"	""	"3.8"	"  87                                           or  :    55  2p5.3s.(3P*<1>).4s    2[1]*       "	""
"2p5.3s.(3P*).4s"	"4P*"	"1/2"	2	""	"287374.8"	""	"3.8"	"  87                                           or  :    56  2p5.3s.(3P*<1>).4s    2[1]*       "	""
"2p5.3s.(3P*).4s"	"2P*"	"3/2"	4	""	"288452"	""	"7"	"  86                                           or  :    52  2p5.3s.(3P*<2>).4s    2[2]*       "	""
"2p5.3s.(3P*).4s"	"2P*"	"1/2"	2	""	"288642"	""	"17"	"  62                                           or  :    53  2p5.3s.(3P*<0>).4s    2[0]*       "	""
"2p5.3s.(3P*).3d"	"2P*"	"1/2"	2	""	"290234"	""	"7"	"  67                                           or  :    35  2p5.3s.(3P*<2>).3d    2[1]*       "	""
"2p5.3s.(3P*).3d"	"2P*"	"3/2"	4	""	"290489"	""	"7"	"  44                                           or  :    40  2p5.3s.(3P*<2>).3d    2[2]*       "	""
"2p5.3s.(1P*).4s"	"2P*"	"3/2"	4	""	"290786"	""	"7"	"  89                                           or  :    89  2p5.3s.(1P*<1>).4s    2[1]*       "	""
"2p5.3s.(1P*).4s"	"2P*"	"1/2"	2	""	"291380"	""	"7"	"  68                                           or  :    68  2p5.3s.(1P*<1>).4s    2[1]*       "	""
"2p5.3s.(3P*).3d"	"2D*"	"3/2"	4	""	"292090"	""	"17"	"  51                                           or  :    29  2p5.3s.(3P*<1>).3d    2[1]*       "	""
"2p5.3s.(3P*).3d"	"4P*"	"1/2"	2	""	"292219.6"	""	"3.9"	"  94                                           or  :    62  2p5.3s.(3P*<2>).3d    2[0]*       "	""
"2p5.3s.(3P*).3d"	"4P*"	"3/2"	4	""	"292289.2"	""	"3.9"	"  77                                           or  :    73  2p5.3s.(3P*<2>).3d    2[1]*       "	""
"2p5.3s.(3P*).3d"	"4F*"	"9/2"	10	""	"292340.6"	""	"4.1"	"  99                                           or  :    99  2p5.3s.(3P*<2>).3d    2[4]*       "	""
"2p5.3s.(3P*).3d"	"4F*"	"7/2"	8	""	"292449.7"	""	"3.9"	"  53                                           or  :    84  2p5.3s.(3P*<2>).3d    2[3]*       "	""
"2p5.3s.(3P*).3d"	"4F*"	"5/2"	6	""	"292913.9"	""	"3.9"	"  56                                           or  :    57  2p5.3s.(3P*<1>).3d    2[2]*       "	""
"2p5.3s.(3P*).3d"	"4F*"	"3/2"	4	""	"293528"	""	"4.3"	"  58                                           or  :    61  2p5.3s.(3P*<0>).3d    2[2]*       "	""
"2p5.3s.(3P*).3d"	"4D*"	"5/2"	6	""	"292399.4"	""	"3.9"	"  48                                           or  :    81  2p5.3s.(3P*<2>).3d    2[2]*       "	""
"2p5.3s.(3P*).3d"	"4D*"	"3/2"	4	""	"293010.3"	""	"3.9"	"  43                                           or  :    37  2p5.3s.(3P*<1>).3d    2[2]*       "	""
"2p5.3s.(3P*).3d"	"4D*"	"1/2"	2	""	"293133.1"	""	"4.0"	"  87                                           or  :    71  2p5.3s.(3P*<1>).3d    2[1]*       "	""
"2p5.3s.(3P*).4p"	"2D"	"3/2"	4	""	"295054"	""	"15"	"                                                                                              "	""
"2p5.3s.(1P*).3d"	"2P*"	"3/2"	4	""	"295294"	""	"7"	"  54                                           or  :    54  2p5.3s.(1P*<1>).3d    2[1]*       "	""
"2p5.3s.(1P*).3d"	"2P*"	"1/2"	2	""	"295526"	""	"7"	"  70                                           or  :    70  2p5.3s.(1P*<1>).3d    2[1]*       "	""
"2p5.3s.(1P*).3d"	"2D*"	"5/2"	6	""	"295740"	""	"90"	"  67                                           or  :    67  2p5.3s.(1P*<1>).3d    2[2]*       "	""
"2p5.3s.(1P*).3d"	"2D*"	"3/2"	4	""	"295749"	""	"14"	"  54                                           or  :    54  2p5.3s.(1P*<1>).3d    2[2]*       "	""
"2p5.3s.(1P*).4p"	"2D"	"5/2"	6	""	"296576"	""	"15"	"                                                                                              "	""
"2p5.3s.(1P*).4p"	"2D"	"3/2"	4	""	"297048"	""	"15"	"                                                                                              "	""
"2p5.3s.(1P*).4p"	"2S"	"1/2"	2	""	"296618"	""	"15"	"                                                                                              "	""
"2p5.3s.(1P*).4p"	"2P"	"3/2"	4	""	"296808"	""	"15"	"                                                                                              "	""
"2p5.3s.(1P*).4p"	"2P"	"1/2"	2	""	"297121"	""	"15"	"                                                                                              "	""
"2p5.3s.(3P*).5s"	"4P*"	"3/2"	4	""	"297074"	""	"7"	"  60                                           or  :    76  2p5.3s.(3P*<2>).5s    2[2]*       "	""
"2p5.3s.(3P*).5s"	"2P*"	"3/2"	4	""	"297645"	""	"7"	"  55                                           or  :    74  2p5.3s.(3P*<1>).5s    2[1]*       "	""
"2p5.3s.(3P*).5s"	"2P*"	"1/2"	2	""	"298350"	""	"7"	"  63                                           or  :    83  2p5.3s.(3P*<0>).5s    2[0]*       "	""
"2p5.3s.(3P*).4d"	"2P*"	"1/2"	2	""	"297724"	""	"7"	"  71                                           or  :    39  2p5.3s.(3P*<2>).4d    2[1]*       "	""
"2p5.3s.(3P*).4d"	"2P*"	"3/2"	4	""	"297848"	""	"7"	"  40                                           or  :    45  2p5.3s.(3P*<2>).4d    2[2]*       "	""
"2p5.3s.(3P*).4d"	"2D*"	"3/2"	4	""	"298986"	""	"13"	"  43                                           or  :    41  2p5.3s.(3P*<1>).4d    2[2]*       "	""
"2p5.3s.(3P*).4d"	"4F*"	"3/2"	4	""	"300040"	""	"7"	"  61                                           or  :    80  2p5.3s.(3P*<0>).4d    2[2]*       "	""
"2p5.3s.(1P*).5s"	"2P*?"	"3/2"	4	""	"300621"	""	"7"	"  79                                           or  :    79  2p5.3s.(1P*<1>).5s    2[1]*       "	""
"2p5.3s.(3P*).6s"	"2P*"	"3/2"	4	""	"300777"	""	"7"	"  47                                           or  :    76  2p5.3s.(3P*<2>).6s    2[2]*       "	""
"2p5.3s.(3P*).6s"	"4P*?"	"3/2"	4	""	"301423"	""	"7"	"  41                                           or  :    61  2p5.3s.(3P*<1>).6s    2[1]*       "	""
"2p5.3s.(3P*).6s"	"4P*?"	"1/2"	2	""	"301486"	""	"13"	"  54                                           or  :    81  2p5.3s.(3P*<1>).6s    2[1]*       "	""
"2p5.3s.(1P*).4d"	"2P*?"	"3/2"	4	""	"301588"	""	"7"	"  23                                           or  :    23  2p5.3s.(1P*<1>).4d    2[1]*       "	""
"2p5.3s.(1P*).4d"	"2P*?"	"1/2"	2	""	"301976"	""	"7"	"  40  2p5.3s.(3P*).5d 4D*                      or  :    28  2p5.3s.(1P*<1>).4d    2[1]*       "	""
"2p5.3s.(3P*).6s"	"2P*?"	"1/2"	2	""	"302142"	""	"18"	"  51                                           or  :    90  2p5.3s.(3P*<0>).6s    2[0]*       "	""
"2p5.3s.(3P*).5d"	"4F*?"	"3/2"	4	""	"302419"	""	"7"	"  30                                           or  :    60  2p5.3s.(3P*<1>).5d    2[2]*       "	""
"2p5.3s.(3P*).5d"	"4D*?"	"1/2"	2	""	"302458"	""	"7"	"  41                                           or  :    56  2p5.3s.(3P*<1>).5d    2[1]*       "	""
"2p5.3s.(3P*).7s"	"2P*"	"3/2"	4	""	"302686"	""	"7"	"  71                                           or  :    96  2p5.3s.(3P*<2>).7s    2[2]*       "	""
"2p5.3s.(3P*).6d"	"2P*?"	"1/2"	2	""	"302830"	""	"7"	"  63                                           or  :    37  2p5.3s.(3P*<2>).6d    2[1]*       "	""
"2p5.3s.(3P*).6d"	"4P*?"	"1/2,3/2"	6	""	"303233"	""	"7"	"  63                                           or  :        2p5.3s.(3P*<2>).6d    2[0]*,2[1]* "	""
"2p5.3s.(3P*).7s"	"2P*,4P*"	"1/2,3/2"	6	""	"303401"	""	"7"	"                                               or  :    89  2p5.3s.(3P*<1>).7s    2[1]*       "	""
"2p5.3s.(3P*).6d"	"4D*?"	"1/2"	2	""	"303683"	""	"7"	"                                               or  :        2p5.3s.(3P*<1>).6d    2[1]*       "	""
"2p5.3s.(3P*).8s"	"2P*?"	"3/2"	4	""	"303739"	""	"18"	"  73                                           or  :    92  2p5.3s.(3P*<2>).8s    2[2]*       "	""
"2p5.3s.(3P*).7s"	"4P*"	"1/2"	2	""	"303974"	""	"7"	"  56                                           or  :    94  2p5.3s.(3P*<0>).7s    2[0]*       "	""
"2p5.3s.(3P*).7d"	"4P*?"	"3/2"	4	""	"304054"	""	"7"	"  61                                           or  :    65  2p5.3s.(3P*<2>).7d    2[1]*       "	""
"2p5.3s.(3P*).7d"	"2P*?"	"1/2"	2	""	"304090"	""	"18"	"  20  2p5.(2P*).3p2.(3P) 2P*                   or  :    17  2p5.3s.(3P*<2>).7d    2[0]*       "	""
"2p5.3s.(3P*).9s"	"2P*"	"3/2"	4	""	"304371"	""	"7"	"  66                                           or  :    81  2p5.3s.(3P*<2>).9s    2[2]*       "	""
"2p5.3s.(1P*).6s"	"2P*"	"1/2,3/2"	6	""	"304451"	""	"7"	"  47                                           or  :    47  2p5.3s.(1P*<1>).6s    2[1]*       "	""
"2p5.3s.(3P*).6d"	"4F*?"	"3/2"	4	""	"304547"	""	"7"	"  31                                           or  :    18  2p5.3s.(3P*<0>).6d    2[2]*       "	""
"2p5.3s.(3P*).8d"	"4P*"	"1/2,3/2"	6	""	"304609"	""	"7"	"  63                                           or  :    69  2p5.3s.(3P*<2>).8d    2[0]*,2[1]* "	""
"2p5.3s.(3P*).7d"	"4D*"	"1/2,3/2"	6	""	"304767"	""	"19"	"  41                                           or  :    79  2p5.3s.(3P*<1>).7d    2[1]*       "	""
"2p5.3s.(3P*).10s"	"2P*"	"3/2"	4	""	"304825"	""	"7"	"  78                                           or  :    94  2p5.3s.(3P*<2>).10s   2[2]*       "	""
"2p5.3s.(3P*).9d"	"4P*"	"1/2,3/2"	6	""	"304942"	""	"7"	"  70                                           or  :        2p5.3s.(3P*<2>).9d    2[0]*,2[1]* "	""
"2p5.3s.(3P*).8s"	"4P*"	"1/2"	2	""	"305047"	""	"7"	"  57                                           or  :    91  2p5.3s.(3P*<0>).8s    2[0]*       "	""
"2p5.3s.(3P*).9s"	"2P*,4P*?"	"1/2,3/2"	6	""	"305143"	""	"7"	"                                               or  :    84  2p5.3s.(3P*<1>).9s    2[1]*       "	""
"2p5.3s.(3P*).10d"	"4P*"	"1/2,3/2"	6	""	"305214"	""	"7"	"  73                                           or  :        2p5.3s.(3P*<2>).10d   2[0]*,2[1]* "	""
"2p5.3s.(3P*).8d"	"4D*"	"1/2,3/2"	6	""	"305232"	""	"19"	"  41                                           or  :    76  2p5.3s.(3P*<1>).8d    2[1]*       "	""
"2p5.3s.(3P*).7d"	"4F*"	"3/2"	4	""	"305319"	""	"7"	"  31                                           or  :    64  2p5.3s.(3P*<0>).7d    2[2]*       "	""
"2p5.3s.(3P*).12s"	"2P*"	"3/2"	4	""	"305357"	""	"7"	"  79                                           or  :    95  2p5.3s.(3P*<2>).12s   2[2]*       "	""
"2p5.3s.(1P*).5d"	"2P*"	"1/2,3/2"	6	""	"305407"	""	"7"	"  48                                           or  :    48  2p5.3s.(1P*<1>).5d    2[1]*       "	""
"2p5.3s.(3P*).13s"	"2P*"	"3/2"	4	""	"305506"	""	"7"	"  74                                           or  :    90  2p5.3s.(3P*<2>).13s   2[2]*       "	""
"2p5.3s.(3P*).12d"	"4P*?"	"1/2,3/2"	6	""	"305562"	""	"7"	"  70                                           or  :        2p5.3s.(3P*<2>).12d   2[0]*,2[1]* "	""
"2p5.3s.(3P*).14s"	"2P*"	"3/2"	4	""	"305647"	""	"7"	"  80                                           or  :    97  2p5.3s.(3P*<2>).14s   2[2]*       "	""
"2p5.3s.(3P*).9s"	"4P*?"	"1/2"	2	""	"305689"	""	"19"	"  61                                           or  :    95  2p5.3s.(3P*<0>).9s    2[0]*       "	""
"2p5.3s.(3P*).15s"	"2P*"	"3/2"	4	""	"305764"	""	"19"	"  81                                           or  :    98  2p5.3s.(3P*<2>).15s   2[2]*       "	""
"2p5.3s.(3P*).16s"	"2P*"	"3/2"	4	""	"305848"	""	"19"	"  79                                           or  :    95  2p5.3s.(3P*<2>).16s   2[2]*       "	""
"2p5.3s.(3P*).11s"	"2P*,4P*"	"1/2,3/2"	6	""	"305897"	""	"7"	"                                               or  :    88  2p5.3s.(3P*<1>).11s   2[1]*       "	""
"2p5.3s.(3P*).8d"	"4F*"	"3/2"	4	""	"305963"	""	"7"	"  26                                           or  :    55  2p5.3s.(3P*<0>).8d    2[2]*       "	""
"2p5.3s.(3P*).12s"	"2P*,4P*"	"1/2,3/2"	6	""	"306116"	""	"7"	"                                               or  :    91  2p5.3s.(3P*<1>).12s   2[1]*       "	""
"2p5.3s.(3P*).10s"	"4P*"	"1/2"	2	""	"306168"	""	"7"	"  58                                           or  :    89  2p5.3s.(3P*<0>).10s   2[0]*       "	""
"2p5.3s.(3P*).13s"	"2P*,4P*"	"1/2,3/2"	6	""	"306269"	""	"19"	"                                               or  :    95  2p5.3s.(3P*<1>).13s   2[1]*       "	""
"2p5.3s.(3P*).9d"	"4F*"	"3/2"	4	""	"306326"	""	"19"	"  45                                           or  :    94  2p5.3s.(3P*<0>).9d    2[2]*       "	""
"Na II (2p5.3s 3P*<2>)"	"Limit"	"---"		""	"306373.77"	""	"0.2"	"                                                                                              "	""
"2p5.3s.(1P*).7s"	"2P*"	"1/2,3/2"	6	""	"306443"	""	"8"	"  69                                           or  :    69  2p5.3s.(1P*<1>).7s    2[1]*       "	""
"2p5.3s.(3P*).11s"	"4P*"	"1/2"	2	""	"306524"	""	"8"	"  26                                           or  :    42  2p5.3s.(3P*<0>).11s   2[0]*       "	""
"2p5.3s.(3P*).12s"	"4P*"	"1/2"	2	""	"306712"	""	"8"	"  57                                           or  :    88  2p5.3s.(3P*<0>).12s   2[0]*       "	""
"2p5.3s.(1P*).6d"	"2P*"	"1/2,3/2"	6	""	"306899"	""	"8"	"  80                                           or  :    80  2p5.3s.(1P*<1>).6d    2[1]*       "	""
"2p5.3s.(3P*).14s"	"4P*"	"1/2"	2	""	"307031"	""	"8"	"  66                                           or  :   100  2p5.3s.(3P*<0>).14s   2[0]*       "	""
"2p5.3s.(3P*).15s"	"4P*"	"1/2"	2	""	"307112"	""	"8"	"  66                                           or  :   100  2p5.3s.(3P*<0>).15s   2[0]*       "	""
"Na II (2p5.3s 3P*<1>)"	"Limit"	"---"		""	"307139.07"	""	"0.2"	"                                                                                              "	""
"2p5.3s.(3P*).16s"	"4P*"	"1/2"	2	""	"307204"	""	"8"	"  66                                           or  :   100  2p5.3s.(3P*<0>).16s   2[0]*       "	""
"2p5.3s.(3P*).17s"	"4P*"	"1/2"	2	""	"307267"	""	"9"	"  66                                           or  :   100  2p5.3s.(3P*<0>).17s   2[0]*       "	""
"2p5.3s.(3P*).18s"	"4P*"	"1/2"	2	""	"307312"	""	"9"	"  66                                           or  :   100  2p5.3s.(3P*<0>).18s   2[0]*       "	""
"2p5.3s.(3P*).19s"	"4P*"	"1/2"	2	""	"307352"	""	"9"	"  66                                           or  :   100  2p5.3s.(3P*<0>).19s   2[0]*       "	""
"2p5.3s.(3P*).20s"	"4P*"	"1/2"	2	""	"307403"	""	"9"	"  66                                           or  :   100  2p5.3s.(3P*<0>).20s   2[0]*       "	""
"2p5.3s.(1P*).8s"	"2P*"	"1/2,3/2"	6	""	"307524"	""	"8"	"  94                                           or  :    94  2p5.3s.(1P*<1>).8s    2[1]*       "	""
"Na II (2p5.3s 3P*<0>)"	"Limit"	"---"		""	"307731.07"	""	"0.2"	"                                                                                              "	""
"2p5.3s.(1P*).7d"	"2P*"	"1/2,3/2"	6	""	"307802"	""	"8"	"  79                                           or  :    79  2p5.3s.(1P*<1>).7d    2[1]*       "	""
"2p5.3s.(1P*).9s"	"2P*"	"1/2,3/2"	6	""	"308195"	""	"8"	"  95                                           or  :    95  2p5.3s.(1P*<1>).9s    2[1]*       "	""
"2p5.3s.(1P*).8d"	"2P*"	"1/2,3/2"	6	""	"308378"	""	"8"	"  80                                           or  :    80  2p5.3s.(1P*<1>).8d    2[1]*       "	""
"2p5.3s.(1P*).10s"	"2P*"	"1/2,3/2"	6	""	"308641"	""	"8"	"  95                                           or  :    95  2p5.3s.(1P*<1>).10s   2[1]*       "	""
"2p5.3s.(1P*).9d"	"2P*"	"1/2,3/2"	6	""	"308773"	""	"8"	"  81                                           or  :    81  2p5.3s.(1P*<1>).9d    2[1]*       "	""
"2p5.3s.(1P*).11s"	"2P*"	"1/2,3/2"	6	""	"308948"	""	"8"	"  96                                           or  :    96  2p5.3s.(1P*<1>).11s   2[1]*       "	""
"2p5.3s.(1P*).10d"	"2P*"	"1/2,3/2"	6	""	"309044"	""	"8"	"  84                                           or  :    84  2p5.3s.(1P*<1>).10d   2[1]*       "	""
"2p5.3s.(1P*).12s"	"2P*"	"1/2,3/2"	6	""	"309173"	""	"8"	"  96                                           or  :    96  2p5.3s.(1P*<1>).12s   2[1]*       "	""
"2p5.3s.(1P*).11d"	"2P*"	"1/2,3/2"	6	""	"309247"	""	"8"	"  85                                           or  :    85  2p5.3s.(1P*<1>).11d   2[1]*       "	""
"2p5.3s.(1P*).13s"	"2P*"	"1/2,3/2"	6	""	"309346"	""	"8"	"  96                                           or  :    96  2p5.3s.(1P*<1>).13s   2[1]*       "	""
"2p5.3s.(1P*).12d"	"2P*"	"1/2,3/2"	6	""	"309403"	""	"8"	"  86                                           or  :    86  2p5.3s.(1P*<1>).12d   2[1]*       "	""
"2p5.3s.(1P*).14s"	"2P*"	"1/2,3/2"	6	""	"309473"	""	"19"	"  96                                           or  :    96  2p5.3s.(1P*<1>).14s   2[1]*       "	""
"2p5.3s.(1P*).13d"	"2P*"	"1/2,3/2"	6	""	"309524"	""	"8"	"  86                                           or  :    86  2p5.3s.(1P*<1>).13d   2[1]*       "	""
"2p5.3s.(1P*).15s"	"2P*"	"1/2,3/2"	6	""	"309588"	""	"19"	"  96                                           or  :    96  2p5.3s.(1P*<1>).15s   2[1]*       "	""
"2p5.3s.(1P*).14d"	"2P*"	"1/2,3/2"	6	""	"309613"	""	"8"	"  87                                           or  :    87  2p5.3s.(1P*<1>).14d   2[1]*       "	""
"2p5.3s.(1P*).15d"	"2P*"	"1/2,3/2"	6	""	"309693"	""	"19"	"  88                                           or  :    88  2p5.3s.(1P*<1>).15d   2[1]*       "	""
"2p5.3s.(1P*).16d"	"2P*"	"1/2,3/2"	6	""	"309751"	""	"19"	"  88                                           or  :    88  2p5.3s.(1P*<1>).16d   2[1]*       "	""
"2p5.3s.(1P*).17d"	"2P*"	"1/2,3/2"	6	""	"309799"	""	"19"	"  88                                           or  :    88  2p5.3s.(1P*<1>).17d   2[1]*       "	""
"2p5.3s.(1P*).18d"	"2P*"	"1/2,3/2"	6	""	"309837"	""	"19"	"  88                                           or  :    88  2p5.3s.(1P*<1>).18d   2[1]*       "	""
"2p5.3s.(1P*).19d"	"2P*"	"1/2,3/2"	6	""	"309885"	""	"19"	"  89                                           or  :    89  2p5.3s.(1P*<1>).19d   2[1]*       "	""
"2p5.3s.(1P*).20d"	"2P*"	"1/2,3/2"	6	""	"309914"	""	"19"	"  90                                           or  :    90  2p5.3s.(1P*<1>).20d   2[1]*       "	""
"Na II (2p5.3s 1P*<1>)"	"Limit"	"---"		""	"310212.41"	""	"0.2"	"                                                                                              "	""
"2p5.(2P*).3p2.(1S)"	"2P*"	"3/2"	4	""	"310981"	""	"2"	"  79                                               :     6  2p5.(2P*).3d2.(1S)    2P*         "	""
"2p5.(2P*).3p2.(1S)"	"2P*"	"1/2"	2	""	"312356"	""	"5"	"  56                                               :    19  2p5.(2P*).3d2.(1S)    2P*         "	""
"2p5.3p.(3P<1>).4p.(I)"	""	"1/2,3/2"	6	""	"323830"	""	"100"	"      2p5.(2P*<1/2>).3p.(3P<1>).4p.(I)                                                        "	""
"2p5.3p.(3S<1>).4p"	"2[1]*"	"1/2,3/2"	6	""	"326840"	""	"9"	"      2p5.(2P*<3/2>).3p.(3S<1>).4p                                                            "	""
"2p5.3p.(3S<1>).5p"	"2[1]*"	"1/2,3/2"	6	""	"329865"	""	"9"	"      2p5.(2P*<3/2>).3p.(3S<1>).5p                                                            "	""
"2p5.3p.(3S<1>).6p"	"2[1]*"	"1/2,3/2"	6	""	"331379"	""	"9"	"      2p5.(2P*<3/2>).3p.(3S<1>).6p                                                            "	""
"2p5.3p.(3S<1>).7p"	"2[1]*"	"1/2,3/2"	6	""	"332292"	""	"9"	"      2p5.(2P*<3/2>).3p.(3S<1>).7p                                                            "	""
"2p5.3p.(3P<1>).5p.(I)"	""	"1/2,3/2"	6	""	"332502"	""	"11"	"      2p5.(2P*<1/2>).3p.(3P<1>).5p.(I)                                                        "	""
"2p5.3p.(3S<1>).8p"	"2[1]*"	"1/2,3/2"	6	""	"332863"	""	"9"	"      2p5.(2P*<3/2>).3p.(3S<1>).8p                                                            "	""
"2p5.3p.(1D<2>).4p"	""	"1/2,3/2"	6	""	"333059"	""	"9"	"      2p5.(2P*<3/2>).3p.(1D<2>).4p                                                            "	""
"2p5.3p.(3S<1>).9p"	"2[1]*"	"1/2,3/2"	6	""	"333240"	""	"9"	"      2p5.(2P*<3/2>).3p.(3S<1>).9p                                                            "	""
"2p5.3p.(3S<1>).10p"	"2[1]*"	"1/2,3/2"	6	""	"333518"	""	"9"	"      2p5.(2P*<3/2>).3p.(3S<1>).10p                                                           "	""
"2p5.3p.(3S<1>).11p"	"2[1]*"	"1/2,3/2"	6	""	"333728"	""	"9"	"      2p5.(2P*<3/2>).3p.(3S<1>).11p                                                           "	""
"2p5.3p.(3S<1>).12p"	"2[1]*"	"1/2,3/2"	6	""	"333866"	""	"9"	"      2p5.(2P*<3/2>).3p.(3S<1>).12p                                                           "	""
"2p5.3p.(3S<1>).13p"	"2[1]*"	"1/2,3/2"	6	""	"333985"	""	"9"	"      2p5.(2P*<3/2>).3p.(3S<1>).13p                                                           "	""
"2p5.3p.(1P<1>).4p"	""	"1/2,3/2"	6	""	"334044"	""	"9"	"      2p5.(2P*<1/2>).3p.(1P<1>).4p                                                            "	""
"2p5.3p.(3S<1>).14p"	"2[1]*"	"1/2,3/2"	6	""	"334085"	""	"9"	"      2p5.(2P*<3/2>).3p.(3S<1>).14p                                                           "	""
"2p5.3p.(3S<1>).15p"	"2[1]*"	"1/2,3/2"	6	""	"334169"	""	"11"	"      2p5.(2P*<3/2>).3p.(3S<1>).15p                                                           "	""
"2p5.3p.(3S<1>).16p"	"2[1]*"	"1/2,3/2"	6	""	"334213"	""	"11"	"      2p5.(2P*<3/2>).3p.(3S<1>).16p                                                           "	""
"2p5.3p.(3P<1>).4p.(II)"	""	"1/2,3/2"	6	""	"334616"	""	"11"	"      2p5.(2P*<1/2>).3p.(3P<1>).4p.(II)                                                       "	""
"2p5.3p.(1D<2>).5p"	""	"1/2,3/2"	6	""	"336010"	""	"9"	"      2p5.(2P*<3/2>).3p.(1D<2>).5p                                                            "	""
"2p5.3p.(3P<1>).6p.(I)"	""	"1/2,3/2"	6	""	"336259"	""	"11"	"      2p5.(2P*<1/2>).3p.(3P<1>).6p.(I)                                                        "	""
"2p5.3p.(1P<1>).5p"	""	"1/2,3/2"	6	""	"336723"	""	"9"	"      2p5.(2P*<1/2>).3p.(1P<1>).5p                                                            "	""
"2p5.3p.(3P<1>).5p.(II)"	""	"1/2,3/2"	6	""	"337257"	""	"11"	"      2p5.(2P*<1/2>).3p.(3P<1>).5p.(II)                                                       "	""
"2p5.3p.(1D<2>).6p"	""	"1/2,3/2"	6	""	"337418"	""	"9"	"      2p5.(2P*<3/2>).3p.(1D<2>).6p                                                            "	""
"2p5.3p.(1P<1>).6p"	""	"1/2,3/2"	6	""	"338149"	""	"9"	"      2p5.(2P*<1/2>).3p.(1P<1>).6p                                                            "	""
"2p5.3p.(3P<1>).7p.(I)"	""	"1/2,3/2"	6	""	"338169"	""	"11"	"      2p5.(2P*<1/2>).3p.(3P<1>).7p.(I)                                                        "	""
"2p5.3p.(1D<2>).7p"	""	"1/2,3/2"	6	""	"338301"	""	"9"	"      2p5.(2P*<3/2>).3p.(1D<2>).7p                                                            "	""
"2p5.3p.(3P<1>).6p.(II)"	""	"1/2,3/2"	6	""	"338845"	""	"11"	"      2p5.(2P*<1/2>).3p.(3P<1>).6p.(II)                                                       "	""
"2p5.3p.(1D<2>).8p"	""	"1/2,3/2"	6	""	"338857"	""	"11"	"      2p5.(2P*<3/2>).3p.(1D<2>).8p                                                            "	""
"2p5.3p.(1P<1>).7p"	""	"1/2,3/2"	6	""	"338995"	""	"11"	"      2p5.(2P*<1/2>).3p.(1P<1>).7p                                                            "	""
"2p5.3p.(1D<2>).9p"	""	"1/2,3/2"	6	""	"339248"	""	"12"	"      2p5.(2P*<3/2>).3p.(1D<2>).9p                                                            "	""
"2p5.3p.(3P<1>).8p.(I)"	""	"1/2,3/2"	6	""	"339271"	""	"12"	"      2p5.(2P*<1/2>).3p.(3P<1>).8p.(I)                                                        "	""
"2p5.3p.(1D<2>).10p"	""	"1/2,3/2"	6	""	"339512"	""	"12"	"      2p5.(2P*<3/2>).3p.(1D<2>).10p                                                           "	""
"2p5.3p.(1P<1>).8p"	""	"1/2,3/2"	6	""	"339570"	""	"12"	"      2p5.(2P*<1/2>).3p.(1P<1>).8p                                                            "	""
"2p5.3p.(3P<1>).7p.(II)"	""	"1/2,3/2"	6	""	"339628"	""	"12"	"      2p5.(2P*<1/2>).3p.(3P<1>).7p.(II)                                                       "	""
"2p5.3p.(1P<1>).9p"	""	"1/2,3/2"	6	""	"339928"	""	"12"	"      2p5.(2P*<1/2>).3p.(1P<1>).9p                                                            "	""
"2p5.3p.(3P<1>).9p.(I)"	""	"1/2,3/2"	6	""	"339928"	""	"12"	"      2p5.(2P*<1/2>).3p.(3P<1>).9p.(I)                                                        "	""
"2p5.3p.(3P<1>).8p.(II)"	""	"1/2,3/2"	6	""	"340171"	""	"12"	"      2p5.(2P*<1/2>).3p.(3P<1>).8p.(II)                                                       "	""
"2p5.3p.(1P<1>).10p"	""	"1/2,3/2"	6	""	"340194"	""	"12"	"      2p5.(2P*<1/2>).3p.(1P<1>).10p                                                           "	""
"2p5.3p.(3P<1>).10p.(I)"	""	"1/2,3/2"	6	""	"340379"	""	"12"	"      2p5.(2P*<1/2>).3p.(3P<1>).10p.(I)                                                       "	""
"2p5.3p.(1P<1>).11p"	""	"1/2,3/2"	6	""	"340402"	""	"12"	"      2p5.(2P*<1/2>).3p.(1P<1>).11p                                                           "	""
"2p5.3p.(1P<1>).12p"	""	"1/2,3/2"	6	""	"340553"	""	"12"	"      2p5.(2P*<1/2>).3p.(1P<1>).12p                                                           "	""
"2p5.3p.(3P<1>).9p.(II)"	""	"1/2,3/2"	6	""	"340553"	""	"12"	"      2p5.(2P*<1/2>).3p.(3P<1>).9p.(II)                                                       "	""
"2p5.3p.(1P<1>).13p"	""	"1/2,3/2"	6	""	"340669"	""	"12"	"      2p5.(2P*<1/2>).3p.(1P<1>).13p                                                           "	""
"2p5.3p.(3P<1>).11p.(I)"	""	"1/2,3/2"	6	""	"340704"	""	"12"	"      2p5.(2P*<1/2>).3p.(3P<1>).11p.(I)                                                       "	""
"2p5.3p.(1P<1>).14p"	""	"1/2,3/2"	6	""	"340762"	""	"12"	"      2p5.(2P*<1/2>).3p.(1P<1>).14p                                                           "	""
"2p5.3p.(3P<1>).10p.(II)"	""	"1/2,3/2"	6	""	"340820"	""	"12"	"      2p5.(2P*<1/2>).3p.(3P<1>).10p.(II)                                                      "	""
"2p5.3p.(3P<1>).12p.(I)"	""	"1/2,3/2"	6	""	"340948"	""	"12"	"      2p5.(2P*<1/2>).3p.(3P<1>).12p.(I)                                                       "	""
"2p5.3p.(3P<1>).11p.(II)"	""	"1/2,3/2"	6	""	"341018"	""	"12"	"      2p5.(2P*<1/2>).3p.(3P<1>).11p.(II)                                                      "	""
"2p5.3p.(3P<1>).13p.(I)"	""	"1/2,3/2"	6	""	"341111"	""	"12"	"      2p5.(2P*<1/2>).3p.(3P<1>).13p.(I)                                                       "	""
"2p5.3p.(3P<1>).12p.(II)"	""	"1/2,3/2"	6	""	"341200"	""	"120"	"      2p5.(2P*<1/2>).3p.(3P<1>).12p.(II)                                                      "	""
"2p5.3p.(3P<1>).13p.(II)"	""	"1/2,3/2"	6	""	"341380"	""	"120"	"      2p5.(2P*<1/2>).3p.(3P<1>).13p.(II)                                                      "	""
"2p5.3p.(3P<1>).14p.(II)"	""	"1/2,3/2"	6	""	"341410"	""	"120"	"      2p5.(2P*<1/2>).3p.(3P<1>).14p.(II)                                                      "	""
"2p5.3p.(3P<1>).15p.(II)"	""	"1/2,3/2"	6	""	"341530"	""	"120"	"      2p5.(2P*<1/2>).3p.(3P<1>).15p.(II)                                                      "	""
"2p5.3p.(1S<0>).4p"	"2[1]*"	"1/2,3/2"	6	""	"342614"	""	"9"	"      2p5.(2P*<1/2>).3p.(1S<0>).4p                                                            "	""
"2p5.3p.(1S<0>).5p"	"2[1]*"	"1/2,3/2"	6	""	"345479"	""	"10"	"      2p5.(2P*<1/2>).3p.(1S<0>).5p                                                            "	""
"2p5.3p.(1S<0>).6p"	"2[1]*"	"1/2,3/2"	6	""	"347026"	""	"10"	"      2p5.(2P*<1/2>).3p.(1S<0>).6p                                                            "	""
"2p5.3p.(1S<0>).7p"	"2[1]*"	"1/2,3/2"	6	""	"347923"	""	"10"	"      2p5.(2P*<1/2>).3p.(1S<0>).7p                                                            "	""
"2p5.3p.(1S<0>).8p"	"2[1]*"	"1/2,3/2"	6	""	"348500"	""	"10"	"      2p5.(2P*<1/2>).3p.(1S<0>).8p                                                            "	""
"2p5.3p.(1S<0>).9p"	"2[1]*"	"1/2,3/2"	6	""	"348893"	""	"10"	"      2p5.(2P*<1/2>).3p.(1S<0>).9p                                                            "	""
"2p5.3p.(1S<0>).10p"	"2[1]*"	"1/2,3/2"	6	""	"349166"	""	"10"	"      2p5.(2P*<1/2>).3p.(1S<0>).10p                                                           "	""
"2p5.3p.(1S<0>).11p"	"2[1]*"	"1/2,3/2"	6	""	"349382"	""	"12"	"      2p5.(2P*<1/2>).3p.(1S<0>).11p                                                           "	""
"2p5.3p.(1S<0>).12p"	"2[1]*"	"1/2,3/2"	6	""	"349516"	""	"12"	"      2p5.(2P*<1/2>).3p.(1S<0>).12p                                                           "	""
"2p5.3p.(1S<0>).13p"	"2[1]*"	"1/2,3/2"	6	""	"349638"	""	"12"	"      2p5.(2P*<1/2>).3p.(1S<0>).13p                                                           "	""
"2p5.3p.(1S<0>).14p"	"2[1]*"	"1/2,3/2"	6	""	"349736"	""	"12"	"      2p5.(2P*<1/2>).3p.(1S<0>).14p                                                           "	""
"2p5.3p.(1S<0>).15p"	"2[1]*"	"1/2,3/2"	6	""	"349822"	""	"12"	"      2p5.(2P*<1/2>).3p.(1S<0>).15p                                                           "	""
"2p5.3p.(1S<0>).16p"	"2[1]*"	"1/2,3/2"	6	""	"349871"	""	"12"	"      2p5.(2P*<1/2>).3p.(1S<0>).16p                                                           "	""
"2p5.3p.(1S<0>).17p"	"2[1]*"	"1/2,3/2"	6	""	"349932"	""	"12"	"      2p5.(2P*<1/2>).3p.(1S<0>).17p                                                           "	""
"2p5.3p.(1S<0>).18p"	"2[1]*"	"1/2,3/2"	6	""	"349981"	""	"12"	"      2p5.(2P*<1/2>).3p.(1S<0>).18p                                                           "	""
"2p5.3p.(1S<0>).19p"	"2[1]*"	"1/2,3/2"	6	""	"350005"	""	"12"	"      2p5.(2P*<1/2>).3p.(1S<0>).19p                                                           "	""
"2p5.3d.(3P*<2>).4s"	"2[2]*"	"3/2"	4	""	"350016"	""	"10"	"      2p5.(2P*<3/2>).3d.(3P*<2>).4s                                                           "	""
"2p5.3d.(1P*<1>).4s"	"2[1]*"	"1/2,3/2"	6	""	"350447"	""	"12"	"      2p5.(2P*<3/2>).3d.(1P*<1>).4s                                                           "	""
"2p5.4s.(3P*<1>).5s"	"2[1]*"	"1/2,3/2"	6	""	"351753"	""	"12"	"      2p5.(2P*<3/2>).4s.(3P*<1>).5s                                                           "	""
"2p5.3d.(3D*<1>).4s"	"2[1]*"	"1/2,3/2"	6	""	"355619"	""	"13"	"      2p5.(2P*<1/2>).3d.(3D*<1>).4s                                                           "	""
"2p5.3d.(1P*<1>).3d"	""	"1/2,3/2"	6	""	"360826"	""	"10"	"      2p5.(2P*<3/2>).3d.(1P*<1>).3d                                                           "	""
"2p5.4s.(3P*<1>).3d"	""	"1/2,3/2"	6	""	"361126"	""	"10"	"      2p5.(2P*<3/2>).4s.(3P*<1>).3d                                                           "	""
"2p5.4s.(1P*<1>).3d"	""	"1/2,3/2"	6	""	"361418"	""	"10"	"      2p5.(2P*<1/2>).4s.(1P*<1>).3d                                                           "	""
"2p5.3d.(3P*<2>).5s"	"2[2]*"	"3/2"	4	""	"362050"	""	"10"	"      2p5.(2P*<3/2>).3d.(3P*<2>).5s                                                           "	""
"2p5.3d.(1P*<1>).5s"	"2[1]*"	"1/2,3/2"	6	""	"362201"	""	"13"	"      2p5.(2P*<3/2>).3d.(1P*<1>).5s                                                           "	""
"2p5.4s.(3P*<1>).6s"	"2[1]*"	"1/2,3/2"	6	""	"362858"	""	"13"	"      2p5.(2P*<3/2>).4s.(3P*<1>).6s                                                           "	""
"2p5.3d.(3F*<2>).4d"	""	"1/2,3/2"	6	""	"364766"	""	"11"	"      2p5.(2P*<3/2>).3d.(3F*<2>).4d                                                           "	""
"2p5.3d.(3D*<1>).5s"	"2[1]*"	"1/2,3/2"	6	""	"364990"	""	"13"	"      2p5.(2P*<1/2>).3d.(3D*<1>).5s                                                           "	""
"2p5.3d.(3P*<2>).6s"	"2[2]*"	"3/2"	4	""	"366205"	""	"13"	"      2p5.(2P*<3/2>).3d.(3P*<2>).6s                                                           "	""
"2p5.3d.(1P*<1>).4d"	""	"1/2,3/2"	6	""	"366206"	""	"13"	"      2p5.(2P*<3/2>).3d.(1P*<1>).4d                                                           "	""
"2p5.4s.(3P*<1>).4d"	""	"1/2,3/2"	6	""	"366425"	""	"11"	"      2p5.(2P*<3/2>).4s.(3P*<1>).4d                                                           "	""
"2p5.3d.(1P*<1>).6s"	"2[1]*"	"1/2,3/2"	6	""	"366932"	""	"13"	"      2p5.(2P*<3/2>).3d.(1P*<1>).6s                                                           "	""
"2p5.4s.(3P*<1>).7s"	"2[1]*"	"1/2,3/2"	6	""	"367215"	""	"13"	"      2p5.(2P*<3/2>).4s.(3P*<1>).7s                                                           "	""
"2p5.4s.(1P*<1>).4d"	""	"1/2,3/2"	6	""	"367404"	""	"11"	"      2p5.(2P*<1/2>).4s.(1P*<1>).4d                                                           "	""
"2p5.3d.(3F*<2>).5d"	""	"1/2,3/2"	6	""	"367954"	""	"11"	"      2p5.(2P*<3/2>).3d.(3F*<2>).5d                                                           "	""
"2p5.3d.(3P*<2>).7s"	"2[2]*"	"3/2"	4	""	"368287"	""	"11"	"      2p5.(2P*<3/2>).3d.(3P*<2>).7s                                                           "	""
"2p5.4s.(3P*<1>).5d"	""	"1/2,3/2"	6	""	"368745"	""	"15"	"      2p5.(2P*<3/2>).4s.(3P*<1>).5d                                                           "	""
"2p5.3d.(1P*<1>).5d"	""	"1/2,3/2"	6	""	"368745"	""	"15"	"      2p5.(2P*<3/2>).3d.(1P*<1>).5d                                                           "	""
"2p5.3d.(3D*<1>).6s"	"2[1]*"	"1/2,3/2"	6	""	"368949"	""	"15"	"      2p5.(2P*<1/2>).3d.(3D*<1>).6s                                                           "	""
"2p5.3d.(1P*<1>).7s"	"2[1]*"	"1/2,3/2"	6	""	"369031"	""	"15"	"      2p5.(2P*<3/2>).3d.(1P*<1>).7s                                                           "	""
"2p5.4s.(3P*<1>).8s"	"2[1]*"	"1/2,3/2"	6	""	"369331"	""	"15"	"      2p5.(2P*<3/2>).4s.(3P*<1>).8s                                                           "	""
"2p5.3d.(3P*<2>).8s"	"2[2]*"	"3/2"	4	""	"369454"	""	"15"	"      2p5.(2P*<3/2>).3d.(3P*<2>).8s                                                           "	""
"2p5.3d.(3F*<2>).6d"	""	"1/2,3/2"	6	""	"369645"	""	"15"	"      2p5.(2P*<3/2>).3d.(3F*<2>).6d                                                           "	""
"2p5.4s.(1P*<1>).5d"	""	"1/2,3/2"	6	""	"369992"	""	"15"	"      2p5.(2P*<1/2>).4s.(1P*<1>).5d                                                           "	""
"2p5.3d.(1P*<1>).6d"	""	"1/2,3/2"	6	""	"370096"	""	"15"	"      2p5.(2P*<3/2>).3d.(1P*<1>).6d                                                           "	""
"2p5.3d.(3P*<2>).9s"	"2[2]*"	"3/2"	4	""	"370137"	""	"15"	"      2p5.(2P*<3/2>).3d.(3P*<2>).9s                                                           "	""
"2p5.4s.(3P*<1>).6d"	""	"1/2,3/2"	6	""	"370206"	""	"15"	"      2p5.(2P*<3/2>).4s.(3P*<1>).6d                                                           "	""
"2p5.3d.(1P*<1>).8s"	"2[1]*"	"1/2,3/2"	6	""	"370288"	""	"15"	"      2p5.(2P*<3/2>).3d.(1P*<1>).8s                                                           "	""
"2p5.4s.(3P*<1>).9s"	"2[1]*"	"1/2,3/2"	6	""	"370535"	""	"15"	"      2p5.(2P*<3/2>).4s.(3P*<1>).9s                                                           "	""
"2p5.3d.(3F*<2>).7d"	""	"1/2,3/2"	6	""	"370631"	""	"15"	"      2p5.(2P*<3/2>).3d.(3F*<2>).7d                                                           "	""
"2p5.3d.(3P*<2>).10s"	"2[2]*"	"3/2"	4	""	"370645"	""	"15"	"      2p5.(2P*<3/2>).3d.(3P*<2>).10s                                                          "	""
"2p5.3d.(3D*<1>).7s"	"2[1]*"	"1/2,3/2"	6	""	"370824"	""	"15"	"      2p5.(2P*<1/2>).3d.(3D*<1>).7s                                                           "	""
"2p5.3d.(1P*<1>).7d"	""	"1/2,3/2"	6	""	"370906"	""	"15"	"      2p5.(2P*<3/2>).3d.(1P*<1>).7d                                                           "	""
"2p5.3d.(1P*<1>).9s"	"2[1]*"	"1/2,3/2"	6	""	"371016"	""	"15"	"      2p5.(2P*<3/2>).3d.(1P*<1>).9s                                                           "	""
"2p5.4s.(3P*<1>).7d"	""	"1/2,3/2"	6	""	"371016"	""	"15"	"      2p5.(2P*<3/2>).4s.(3P*<1>).7d                                                           "	""
"2p5.4s.(3P*<1>).10s"	"2[1]*"	"1/2,3/2"	6	""	"371237"	""	"15"	"      2p5.(2P*<3/2>).4s.(3P*<1>).10s                                                          "	""
"2p5.3d.(3F*<2>).8d"	""	"1/2,3/2"	6	""	"371237"	""	"15"	"      2p5.(2P*<3/2>).3d.(3F*<2>).8d                                                           "	""
"2p5.4s.(1P*<1>).6d"	""	"1/2,3/2"	6	""	"371443"	""	"15"	"      2p5.(2P*<1/2>).4s.(1P*<1>).6d                                                           "	""
"2p5.3d.(1P*<1>).8d"	""	"1/2,3/2"	6	""	"371471"	""	"15"	"      2p5.(2P*<3/2>).3d.(1P*<1>).8d                                                           "	""
"2p5.3d.(1P*<1>).10s"	"2[1]*"	"1/2,3/2"	6	""	"371554"	""	"15"	"      2p5.(2P*<3/2>).3d.(1P*<1>).10s                                                          "	""
"2p5.4s.(3P*<1>).8d"	""	"1/2,3/2"	6	""	"371568"	""	"15"	"      2p5.(2P*<3/2>).4s.(3P*<1>).8d                                                           "	""
"2p5.3d.(3F*<2>).9d"	""	"1/2,3/2"	6	""	"371664"	""	"15"	"      2p5.(2P*<3/2>).3d.(3F*<2>).9d                                                           "	""
"2p5.3d.(1P*<1>).9d"	""	"1/2,3/2"	6	""	"371830"	""	"15"	"      2p5.(2P*<3/2>).3d.(1P*<1>).9d                                                           "	""
"2p5.3d.(3F*<2>).10d"	""	"1/2,3/2"	6	""	"371941"	""	"15"	"      2p5.(2P*<3/2>).3d.(3F*<2>).10d                                                          "	""
"2p5.4s.(3P*<1>).9d"	""	"1/2,3/2"	6	""	"371941"	""	"15"	"      2p5.(2P*<3/2>).4s.(3P*<1>).9d                                                           "	""
"2p5.3d.(3D*<1>).8s"	"2[1]*"	"1/2,3/2"	6	""	"371941"	""	"15"	"      2p5.(2P*<1/2>).3d.(3D*<1>).8s                                                           "	""
"2p5.3d.(3F*<2>).11d"	""	"1/2,3/2"	6	""	"372148"	""	"15"	"      2p5.(2P*<3/2>).3d.(3F*<2>).11d                                                          "	""
"2p5.4s.(3P*<1>).10d"	""	"1/2,3/2"	6	""	"372218"	""	"15"	"      2p5.(2P*<3/2>).4s.(3P*<1>).10d                                                          "	""
"2p5.4s.(1P*<1>).7d"	""	"1/2,3/2"	6	""	"372273"	""	"15"	"      2p5.(2P*<1/2>).4s.(1P*<1>).7d                                                           "	""
"2p5.4s.(3P*<1>).11d"	""	"1/2,3/2"	6	""	"372398"	""	"15"	"      2p5.(2P*<3/2>).4s.(3P*<1>).11d                                                          "	""
"2p5.4s.(3P*<1>).12d"	""	"1/2,3/2"	6	""	"372550"	""	"15"	"      2p5.(2P*<3/2>).4s.(3P*<1>).12d                                                          "	""
"2p5.3d.(3D*<1>).9s"	"2[1]*"	"1/2,3/2"	6	""	"372606"	""	"15"	"      2p5.(2P*<1/2>).3d.(3D*<1>).9s                                                           "	""
"2p5.4s.(3P*<1>).13d"	""	"1/2,3/2"	6	""	"372662"	""	"15"	"      2p5.(2P*<3/2>).4s.(3P*<1>).13d                                                          "	""
"2p5.4s.(3P*<1>).14d"	""	"1/2,3/2"	6	""	"372759"	""	"15"	"      2p5.(2P*<3/2>).4s.(3P*<1>).14d                                                          "	""
"2p5.4s.(1P*<1>).8d"	""	"1/2,3/2"	6	""	"372800"	""	"15"	"      2p5.(2P*<1/2>).4s.(1P*<1>).8d                                                           "	""
"2p5.3d.(3D*<1>).10s"	"2[1]*"	"1/2,3/2"	6	""	"373051"	""	"15"	"      2p5.(2P*<1/2>).3d.(3D*<1>).10s                                                          "	""
"2p5.4s.(1P*<1>).9d"	""	"1/2,3/2"	6	""	"373176"	""	"15"	"      2p5.(2P*<1/2>).4s.(1P*<1>).9d                                                           "	""
"2p5.3d.(3D*<1>).11s"	"2[1]*"	"1/2,3/2"	6	""	"373371"	""	"15"	"      2p5.(2P*<1/2>).3d.(3D*<1>).11s                                                          "	""
"2p5.4s.(1P*<1>).10d"	""	"1/2,3/2"	6	""	"373455"	""	"15"	"      2p5.(2P*<1/2>).4s.(1P*<1>).10d                                                          "	""
"2p5.3d.(3D*<1>).12s"	"2[1]*"	"1/2,3/2"	6	""	"373608"	""	"15"	"      2p5.(2P*<1/2>).3d.(3D*<1>).12s                                                          "	""
"2p5.4s.(1P*<1>).11d"	""	"1/2,3/2"	6	""	"373636"	""	"15"	"      2p5.(2P*<1/2>).4s.(1P*<1>).11d                                                          "	""
"2p5.3d.(3D*<1>).13s"	"2[1]*"	"1/2,3/2"	6	""	"373776"	""	"15"	"      2p5.(2P*<1/2>).3d.(3D*<1>).13s                                                          "	""
"2p5.3d.(3D*<1>).14s"	"2[1]*"	"1/2,3/2"	6	""	"373916"	""	"15"	"      2p5.(2P*<1/2>).3d.(3D*<1>).14s                                                          "	""
"2p5.3d.(3D*<1>).15s"	"2[1]*"	"1/2,3/2"	6	""	"374000"	""	"15"	"      2p5.(2P*<1/2>).3d.(3D*<1>).15s                                                          "	""
"2p5.3d.(3D*<1>).16s"	"2[1]*"	"1/2,3/2"	6	""	"374070"	""	"15"	"      2p5.(2P*<1/2>).3d.(3D*<1>).16s                                                          "	""
"2s.(2S).2p6.3s.3p.(3P*)"	"2P*"	"1/2,3/2"	6	""	"535330"	""	"200"	"                                                                                              "	""
"2s.(2S).2p6.3s.3p.(1P*)"	"2P*"	"1/2,3/2"	6	""	"546600"	""	"300"	"                                                                                              "	""
"2s.2p6.3s.(3S).4p"	"2P*"	"1/2,3/2"	6	""	"559600"	""	"300"	"                                                                                              "	""
"Na II (2s.2p6.3s 3S<1>)"	"Limit"	"---"		""	"572350"	""	"200"	"                                                                                              "	""
"Na II (2s.2p6.3s 1S<0>)"	"Limit"	"---"		""	"575750"	""	"200"	"                                                                                              "	""
"2s.2p6.3p.(3P*).4s"	"2P*"	"1/2,3/2"	6	""	"586200"	""	"300"	"                                                                                              "	""
"2s.2p6.3p.(1P*).4s"	"2P*"	"1/2,3/2"	6	""	"591400"	""	"300"	"                                                                                              "	""
"2s.2p6.3p.(3P*).3d"	"2P*"	"1/2,3/2"	6	""	"594600"	""	"400"	"                                                                                              "	""
"2s.2p6.3p.(3P*).5s"	"2P*"	"1/2,3/2"	6	""	"596400"	""	"400"	"                                                                                              "	""
"2s.2p6.3p.(3P*).6s"	"2P*"	"1/2,3/2"	6	""	"600000"	""	"400"	"                                                                                              "	""
"2s.2p6.(2S).4s.4p.(3P*)"	"2P*"	"1/2,3/2"	6	""	"618900"	""	"400"	"                                                                                              "	""
"2s.2p6.(2S).4s.5p.(3P*)"	"2P*"	"1/2,3/2"	6	""	"629700"	""	"800"	"                                                                                              "	""
"2s.2p6.(2S).3d.4p.(3P*)"	"2P*"	"1/2,3/2"	6	""	"636600"	""	"400"	"                                                                                              "	""